"Gbif_ID","Kingdom","Phylum","Class","Order","Family","Genus","Especies","Latitude","Longitude"
1060485917,"Animalia","Chordata","Aves","Passeriformes","Pipridae","Manacus","Manacus manacus",7.2688,-73.4669
1208659419,"Animalia","Chordata","Aves","Passeriformes","Pipridae","Manacus","Manacus manacus",4.35081,-74.5227
258249511,"Animalia","Chordata","Aves","Passeriformes","Pipridae","Manacus","Manacus manacus",4.44803,-75.1133
373652156,"Animalia","Chordata","Aves","Passeriformes","Pipridae","Manacus","Manacus manacus",6.00883,-75.0851
956813700,"Animalia","Chordata","Aves","Passeriformes","Pipridae","Manacus","Manacus manacus",5.9288,-74.8395
1188314419,"Animalia","Chordata","Aves","Passeriformes","Pipridae","Manacus","Manacus manacus",6.98878,-75.1202
590903504,"Animalia","Chordata","Aves","Passeriformes","Pipridae","Manacus","Manacus manacus",11.1436,-74.1187
1185107162,"Animalia","Chordata","Aves","Passeriformes","Pipridae","Manacus","Manacus manacus",10.9911,-74.0634
1204988461,"Animalia","Chordata","Aves","Passeriformes","Pipridae","Manacus","Manacus manacus",6.81548,-75.1509
860892406,"Animalia","Chordata","Aves","Passeriformes","Pipridae","Manacus","Manacus manacus",5.665,-74.78306
857526481,"Animalia","Chordata","Aves","Passeriformes","Pipridae","Manacus","Manacus manacus",4.25067,-74.663
857622548,"Animalia","Chordata","Aves","Passeriformes","Pipridae","Manacus","Manacus manacus",4.96667,-74.43333
857526519,"Animalia","Chordata","Aves","Passeriformes","Pipridae","Manacus","Manacus manacus",5.96731,-74.96328
857647452,"Animalia","Chordata","Aves","Passeriformes","Pipridae","Manacus","Manacus manacus",6.5524,-75.2124
857645385,"Animalia","Chordata","Aves","Passeriformes","Pipridae","Manacus","Manacus manacus",6.2702,-75.1911
857609463,"Animalia","Chordata","Aves","Passeriformes","Pipridae","Manacus","Manacus manacus",6.03366,-75.15
857609322,"Animalia","Chordata","Aves","Passeriformes","Pipridae","Manacus","Manacus manacus",6.283,-75.56733
857609404,"Animalia","Chordata","Aves","Passeriformes","Pipridae","Manacus","Manacus manacus",8.35,-75.1
857713191,"Animalia","Chordata","Aves","Passeriformes","Pipridae","Manacus","Manacus manacus",11.28496,-74.00263
857645008,"Animalia","Chordata","Aves","Passeriformes","Pipridae","Manacus","Manacus manacus",5.83383,-74.86769
857698684,"Animalia","Chordata","Aves","Passeriformes","Pipridae","Manacus","Manacus manacus",5.5833,-74.9167
857526478,"Animalia","Chordata","Aves","Passeriformes","Pipridae","Manacus","Manacus manacus",5.83333,-74.86667
857442884,"Animalia","Chordata","Aves","Passeriformes","Pipridae","Manacus","Manacus manacus",6.55,-75.2166
857526552,"Animalia","Chordata","Aves","Passeriformes","Pipridae","Manacus","Manacus manacus",11.15,-74.1144
857526494,"Animalia","Chordata","Aves","Passeriformes","Pipridae","Manacus","Manacus manacus",5.6667,-74.7833
857666265,"Animalia","Chordata","Aves","Passeriformes","Pipridae","Manacus","Manacus manacus",10.93894,-74.73025
724218560,"Animalia","Chordata","Aves","Passeriformes","Pipridae","Manacus","Manacus manacus",5.57731,-74.86878
724220528,"Animalia","Chordata","Aves","Passeriformes","Pipridae","Manacus","Manacus manacus",5.57061,-74.89586
724220243,"Animalia","Chordata","Aves","Passeriformes","Pipridae","Manacus","Manacus manacus",5.56653,-74.87897
724226630,"Animalia","Chordata","Aves","Passeriformes","Pipridae","Manacus","Manacus manacus",6.40436,-75.02061
724228381,"Animalia","Chordata","Aves","Passeriformes","Pipridae","Manacus","Manacus manacus",6.22285,-74.84642
724228439,"Animalia","Chordata","Aves","Passeriformes","Pipridae","Manacus","Manacus manacus",6.21719,-74.86242
724229318,"Animalia","Chordata","Aves","Passeriformes","Pipridae","Manacus","Manacus manacus",6.19661,-74.80253
724221320,"Animalia","Chordata","Aves","Passeriformes","Pipridae","Manacus","Manacus manacus",6.36319,-74.99628
724230467,"Animalia","Chordata","Aves","Passeriformes","Pipridae","Manacus","Manacus manacus",6.20858,-74.81342
724232735,"Animalia","Chordata","Aves","Passeriformes","Pipridae","Manacus","Manacus manacus",6.20672,-74.84778
724236428,"Animalia","Chordata","Aves","Passeriformes","Pipridae","Manacus","Manacus manacus",6.22756,-74.85267
657094230,"Animalia","Chordata","Aves","Passeriformes","Pipridae","Manacus","Manacus manacus",11.17,-74.15
812202655,"Animalia","Chordata","Aves","Passeriformes","Pipridae","Manacus","Manacus manacus",11.12356,-73.79921
727771927,"Animalia","Chordata","Aves","Passeriformes","Pipridae","Manacus","Manacus manacus",6.37572,-75.04672
727772566,"Animalia","Chordata","Aves","Passeriformes","Pipridae","Manacus","Manacus manacus",6.36372,-75.01039
938317743,"Animalia","Chordata","Aves","Passeriformes","Pipridae","Manacus","Manacus manacus",6.02646,-74.2271
1167520629,"Animalia","Chordata","Aves","Passeriformes","Pipridae","Manacus","Manacus manacus",11.312,-74.0573
589022552,"Animalia","Chordata","Aves","Passeriformes","Pipridae","Manacus","Manacus manacus",11.0962,-74.0823
1196179627,"Animalia","Chordata","Aves","Passeriformes","Pipridae","Manacus","Manacus manacus",5.89923,-74.8565
1193444017,"Animalia","Chordata","Aves","Passeriformes","Pipridae","Manacus","Manacus manacus",11.1221,-74.0954
1194705358,"Animalia","Chordata","Aves","Passeriformes","Pipridae","Manacus","Manacus manacus",11.1027,-74.0837
1200654399,"Animalia","Chordata","Aves","Passeriformes","Pipridae","Manacus","Manacus manacus",11.14,-74.1072
939016500,"Animalia","Chordata","Aves","Passeriformes","Pipridae","Manacus","Manacus manacus",6.04186,-74.2683
1180865212,"Animalia","Chordata","Aves","Passeriformes","Pipridae","Manacus","Manacus manacus",5.02767,-74.3278
258499525,"Animalia","Chordata","Aves","Passeriformes","Pipridae","Manacus","Manacus manacus",6.85219,-73.3768
967706013,"Animalia","Chordata","Aves","Passeriformes","Pipridae","Manacus","Manacus manacus",6.05859,-74.32
1133634805,"Animalia","Chordata","Aves","Passeriformes","Pipridae","Manacus","Manacus manacus",3.29644,-75.35653
1207045254,"Animalia","Chordata","Aves","Passeriformes","Pipridae","Manacus","Manacus manacus",4.42673,-75.2154
1202635121,"Animalia","Chordata","Aves","Passeriformes","Pipridae","Manacus","Manacus manacus",6.61884,-74.6434
1196543391,"Animalia","Chordata","Aves","Passeriformes","Pipridae","Manacus","Manacus manacus",5.3268,-74.9239
724218064,"Animalia","Chordata","Aves","Passeriformes","Pipridae","Manacus","Manacus manacus",5.55608,-74.88333
724218311,"Animalia","Chordata","Aves","Passeriformes","Pipridae","Manacus","Manacus manacus",5.56372,-74.90419
724220645,"Animalia","Chordata","Aves","Passeriformes","Pipridae","Manacus","Manacus manacus",5.57583,-74.88956
727773779,"Animalia","Chordata","Aves","Passeriformes","Pipridae","Manacus","Manacus manacus",6.24414,-74.87094
730248725,"Animalia","Chordata","Aves","Passeriformes","Pipridae","Manacus","Manacus manacus",7.07,-75.15
972450449,"Animalia","Chordata","Aves","Passeriformes","Pipridae","Manacus","Manacus manacus",5.3183,-74.9128
857442723,"Animalia","Chordata","Aves","Passeriformes","Pipridae","Manacus","Manacus manacus",6.77417,-74.51783
857627425,"Animalia","Chordata","Aves","Passeriformes","Pipridae","Manacus","Manacus manacus",6,-75
935278852,"Animalia","Chordata","Aves","Passeriformes","Pipridae","Manacus","Manacus manacus",4.60186,-75.0837
976705768,"Animalia","Chordata","Aves","Passeriformes","Pipridae","Manacus","Manacus manacus",4.33614,-74.4764
963920845,"Animalia","Chordata","Aves","Passeriformes","Pipridae","Manacus","Manacus manacus",10.5708,-74.1969
1065327736,"Animalia","Chordata","Aves","Passeriformes","Pipridae","Manacus","Manacus manacus",7.03083,-74.53333
1060486526,"Animalia","Chordata","Aves","Passeriformes","Pipridae","Manacus","Manacus manacus",11.01132,-73.79447
1133634696,"Animalia","Chordata","Aves","Passeriformes","Pipridae","Manacus","Manacus manacus",3.33383,-75.35303
1133635040,"Animalia","Chordata","Aves","Passeriformes","Pipridae","Manacus","Manacus manacus",3.64675,-74.98886
256059565,"Animalia","Chordata","Aves","Passeriformes","Pipridae","Manacus","Manacus manacus",4.34333,-75.1075
1204949590,"Animalia","Chordata","Aves","Passeriformes","Pipridae","Manacus","Manacus manacus",4.50167,-74.5314
1203760720,"Animalia","Chordata","Aves","Passeriformes","Pipridae","Manacus","Manacus manacus",11.2882,-74.1564
373652024,"Animalia","Chordata","Aves","Passeriformes","Pipridae","Manacus","Manacus manacus",5.66814,-74.6166
768009131,"Animalia","Chordata","Aves","Passeriformes","Pipridae","Manacus","Manacus manacus",5.45,-74.06667
857644694,"Animalia","Chordata","Aves","Passeriformes","Pipridae","Manacus","Manacus manacus",6.2833,-75.5666
857698676,"Animalia","Chordata","Aves","Passeriformes","Pipridae","Manacus","Manacus manacus",5.75,-74.25
857641883,"Animalia","Chordata","Aves","Passeriformes","Pipridae","Manacus","Manacus manacus",6.29562,-75.22825
857713276,"Animalia","Chordata","Aves","Passeriformes","Pipridae","Manacus","Manacus manacus",10.62375,-74.08743
724218854,"Animalia","Chordata","Aves","Passeriformes","Pipridae","Manacus","Manacus manacus",5.55397,-74.88947
724219310,"Animalia","Chordata","Aves","Passeriformes","Pipridae","Manacus","Manacus manacus",5.56942,-74.87169
724219695,"Animalia","Chordata","Aves","Passeriformes","Pipridae","Manacus","Manacus manacus",5.50706,-74.91422
724224929,"Animalia","Chordata","Aves","Passeriformes","Pipridae","Manacus","Manacus manacus",6.375,-75.04064
724225194,"Animalia","Chordata","Aves","Passeriformes","Pipridae","Manacus","Manacus manacus",6.35236,-74.01214
724234640,"Animalia","Chordata","Aves","Passeriformes","Pipridae","Manacus","Manacus manacus",6.19406,-74.81056
724236107,"Animalia","Chordata","Aves","Passeriformes","Pipridae","Manacus","Manacus manacus",6.21861,-74.83906
724236242,"Animalia","Chordata","Aves","Passeriformes","Pipridae","Manacus","Manacus manacus",6.22253,-74.85058
727774733,"Animalia","Chordata","Aves","Passeriformes","Pipridae","Manacus","Manacus manacus",6.23108,-74.87658
589015733,"Animalia","Chordata","Aves","Passeriformes","Pipridae","Manacus","Manacus manacus",6.04984,-74.2614
1174960356,"Animalia","Chordata","Aves","Passeriformes","Pipridae","Manacus","Manacus manacus",6.9089,-74.5721
1178030145,"Animalia","Chordata","Aves","Passeriformes","Pipridae","Manacus","Manacus manacus",4.30775,-74.6323
949045357,"Animalia","Chordata","Aves","Passeriformes","Pipridae","Manacus","Manacus manacus",4.90147,-74.9583
1196331890,"Animalia","Chordata","Aves","Passeriformes","Pipridae","Manacus","Manacus manacus",9.01017,-74.0813
829013084,"Animalia","Chordata","Aves","Passeriformes","Pipridae","Manacus","Manacus manacus",11.3053,-74.1049
830614147,"Animalia","Chordata","Aves","Passeriformes","Pipridae","Manacus","Manacus manacus",11.1546,-74.1165
1133631563,"Animalia","Chordata","Aves","Passeriformes","Pipridae","Manacus","Manacus manacus",11.16386,-73.46667
1133633788,"Animalia","Chordata","Aves","Passeriformes","Pipridae","Manacus","Manacus manacus",10.00878,-75.11161
1147200184,"Animalia","Chordata","Aves","Passeriformes","Pipridae","Manacus","Manacus manacus",4.07,-74.7
954118275,"Animalia","Chordata","Aves","Passeriformes","Pipridae","Manacus","Manacus manacus",5.94083,-74.1818
857526525,"Animalia","Chordata","Aves","Passeriformes","Pipridae","Manacus","Manacus manacus",6.4164,-74.2742
857763439,"Animalia","Chordata","Aves","Passeriformes","Pipridae","Manacus","Manacus manacus",10.9027,-74.05238
724223315,"Animalia","Chordata","Aves","Passeriformes","Pipridae","Manacus","Manacus manacus",6.35186,-75.00489
724228122,"Animalia","Chordata","Aves","Passeriformes","Pipridae","Manacus","Manacus manacus",6.36061,-74.99036
724230142,"Animalia","Chordata","Aves","Passeriformes","Pipridae","Manacus","Manacus manacus",6.21561,-74.83936
727771617,"Animalia","Chordata","Aves","Passeriformes","Pipridae","Manacus","Manacus manacus",6.41056,-75.02794
588082833,"Animalia","Chordata","Aves","Passeriformes","Pipridae","Manacus","Manacus manacus",5.86547,-74.8692
1154452786,"Animalia","Chordata","Aves","Passeriformes","Pipridae","Manacus","Manacus manacus",6.03584,-75.1945
1189825902,"Animalia","Chordata","Aves","Passeriformes","Pipridae","Manacus","Manacus manacus",9.46557,-73.4873
1181616532,"Animalia","Chordata","Aves","Passeriformes","Pipridae","Manacus","Manacus manacus",5.19628,-74.9079
1196541855,"Animalia","Chordata","Aves","Passeriformes","Pipridae","Manacus","Manacus manacus",4.35111,-74.6517
954142022,"Animalia","Chordata","Aves","Passeriformes","Pipridae","Manacus","Manacus manacus",4.99724,-74.3362
977585018,"Animalia","Chordata","Aves","Passeriformes","Pipridae","Manacus","Manacus manacus",5.93553,-74.8108
939308135,"Animalia","Chordata","Aves","Passeriformes","Pipridae","Manacus","Manacus manacus",6.01545,-75.1656
935856436,"Animalia","Chordata","Aves","Passeriformes","Pipridae","Manacus","Manacus manacus",5.9008,-74.7239
1159818020,"Animalia","Chordata","Aves","Passeriformes","Pipridae","Manacus","Manacus manacus",11.1291,-74.0998
932900064,"Animalia","Chordata","Aves","Passeriformes","Pipridae","Manacus","Manacus manacus",7.02834,-74.6933
896411661,"Animalia","Chordata","Aves","Passeriformes","Pipridae","Manacus","Manacus manacus",7.91667,-75
1133633987,"Animalia","Chordata","Aves","Passeriformes","Pipridae","Manacus","Manacus manacus",9.96158,-75.15686
1201107044,"Animalia","Chordata","Aves","Passeriformes","Pipridae","Manacus","Manacus manacus",11.1272,-74.1189
724224644,"Animalia","Chordata","Aves","Passeriformes","Pipridae","Manacus","Manacus manacus",6.36761,-75.02442
727772252,"Animalia","Chordata","Aves","Passeriformes","Pipridae","Manacus","Manacus manacus",6.38053,-75.03483
727774531,"Animalia","Chordata","Aves","Passeriformes","Pipridae","Manacus","Manacus manacus",6.21914,-74.81714
857645603,"Animalia","Chordata","Aves","Passeriformes","Pipridae","Manacus","Manacus manacus",6.55081,-75.21748
857609267,"Animalia","Chordata","Aves","Passeriformes","Pipridae","Manacus","Manacus manacus",8.05,-75.2166
979370214,"Animalia","Chordata","Aves","Passeriformes","Pipridae","Manacus","Manacus manacus",4.32745,-74.4875
1133631413,"Animalia","Chordata","Aves","Passeriformes","Pipridae","Manacus","Manacus manacus",11.21572,-73.41414
768990089,"Animalia","Chordata","Aves","Passeriformes","Pipridae","Manacus","Manacus manacus",9.5775,-75.46111
724221941,"Animalia","Chordata","Aves","Passeriformes","Pipridae","Manacus","Manacus manacus",5.48089,-74.91708
724224297,"Animalia","Chordata","Aves","Passeriformes","Pipridae","Manacus","Manacus manacus",6.37072,-74.99789
730250836,"Animalia","Chordata","Aves","Passeriformes","Pipridae","Manacus","Manacus manacus",7.58,-75.35
830364319,"Animalia","Chordata","Aves","Passeriformes","Pipridae","Manacus","Manacus manacus",5.91,-74.8627
1207080018,"Animalia","Chordata","Aves","Passeriformes","Pipridae","Manacus","Manacus manacus",4.50273,-74.9936
1207366618,"Animalia","Chordata","Aves","Passeriformes","Pipridae","Manacus","Manacus manacus",4.47317,-74.9925
857442853,"Animalia","Chordata","Aves","Passeriformes","Pipridae","Manacus","Manacus manacus",6.1833,-74.9833
857698703,"Animalia","Chordata","Aves","Passeriformes","Pipridae","Manacus","Manacus manacus",5.97527,-74.59441
857698648,"Animalia","Chordata","Aves","Passeriformes","Pipridae","Manacus","Manacus manacus",5.42125,-74.9166
932900056,"Animalia","Chordata","Aves","Passeriformes","Pipridae","Manacus","Manacus manacus",6.59252,-75.18642
956814522,"Animalia","Chordata","Aves","Passeriformes","Pipridae","Manacus","Manacus manacus",5.9323,-74.8138
935854336,"Animalia","Chordata","Aves","Passeriformes","Pipridae","Manacus","Manacus manacus",5.9009,-74.8569
963263842,"Animalia","Chordata","Aves","Passeriformes","Pipridae","Manacus","Manacus manacus",6.23488,-74.5003
1065327740,"Animalia","Chordata","Aves","Passeriformes","Pipridae","Manacus","Manacus manacus",6.97363,-75.09462
1060486564,"Animalia","Chordata","Aves","Passeriformes","Pipridae","Manacus","Manacus manacus",7.43714,-73.59139
768974686,"Animalia","Chordata","Aves","Passeriformes","Pipridae","Manacus","Manacus manacus",6.69828,-74.36964
259409345,"Animalia","Chordata","Aves","Passeriformes","Pipridae","Manacus","Manacus manacus",11.1222,-74.0793
588948469,"Animalia","Chordata","Aves","Passeriformes","Pipridae","Manacus","Manacus manacus",5.43427,-74.8349
942697191,"Animalia","Chordata","Aves","Passeriformes","Pipridae","Manacus","Manacus manacus",5.02135,-74.2993
1176243638,"Animalia","Chordata","Aves","Passeriformes","Pipridae","Manacus","Manacus manacus",5.16614,-74.7695
829385533,"Animalia","Chordata","Aves","Passeriformes","Pipridae","Manacus","Manacus manacus",11.1125,-74.0673
919140957,"Animalia","Chordata","Aves","Passeriformes","Pipridae","Manacus","Manacus manacus",7.42167,-73.33972
857609300,"Animalia","Chordata","Aves","Passeriformes","Pipridae","Manacus","Manacus manacus",6.47413,-74.42082
857633787,"Animalia","Chordata","Aves","Passeriformes","Pipridae","Manacus","Manacus manacus",6.89552,-75.07212
857526548,"Animalia","Chordata","Aves","Passeriformes","Pipridae","Manacus","Manacus manacus",11.0558,-73.3548
727772395,"Animalia","Chordata","Aves","Passeriformes","Pipridae","Manacus","Manacus manacus",6.35317,-74.99853
730243999,"Animalia","Chordata","Aves","Passeriformes","Pipridae","Manacus","Manacus manacus",6.44,-75.33
373652100,"Animalia","Chordata","Aves","Passeriformes","Pipridae","Manacus","Manacus manacus",4.45616,-75.1346
1098653165,"Animalia","Chordata","Aves","Passeriformes","Pipridae","Manacus","Manacus manacus",3.06,-75.37
1133631797,"Animalia","Chordata","Aves","Passeriformes","Pipridae","Manacus","Manacus manacus",11.16761,-73.47689
857526457,"Animalia","Chordata","Aves","Passeriformes","Pipridae","Manacus","Manacus manacus",7.08247,-75.15671
830286925,"Animalia","Chordata","Aves","Passeriformes","Pipridae","Manacus","Manacus manacus",11.0837,-74.0707
724230783,"Animalia","Chordata","Aves","Passeriformes","Pipridae","Manacus","Manacus manacus",6.20803,-74.82236
727771984,"Animalia","Chordata","Aves","Passeriformes","Pipridae","Manacus","Manacus manacus",6.37211,-75.03
730242115,"Animalia","Chordata","Aves","Passeriformes","Pipridae","Manacus","Manacus manacus",6.6,-75.02
730250830,"Animalia","Chordata","Aves","Passeriformes","Pipridae","Manacus","Manacus manacus",7.5,-74.87
1202635494,"Animalia","Chordata","Aves","Passeriformes","Pipridae","Manacus","Manacus manacus",7.01367,-74.7105
1188866815,"Animalia","Chordata","Aves","Passeriformes","Pipridae","Manacus","Manacus manacus",2.92384,-75.2351
1039563715,"Animalia","Chordata","Aves","Passeriformes","Pipridae","Manacus","Manacus manacus",7.161,-73.29
1133634968,"Animalia","Chordata","Aves","Passeriformes","Pipridae","Manacus","Manacus manacus",3.67372,-74.98161
1065327694,"Animalia","Chordata","Aves","Passeriformes","Pipridae","Manacus","Manacus manacus",6.9,-75.11667
1142048067,"Animalia","Chordata","Aves","Passeriformes","Pipridae","Manacus","Manacus manacus",8.4,-75.06667
1149045126,"Animalia","Chordata","Aves","Passeriformes","Pipridae","Manacus","Manacus manacus",5.9932,-74.5494
1196542204,"Animalia","Chordata","Aves","Passeriformes","Pipridae","Manacus","Manacus manacus",5.48195,-74.7185
860893226,"Animalia","Chordata","Aves","Passeriformes","Pipridae","Manacus","Manacus manacus",5.50461,-74.62831
1205873491,"Animalia","Chordata","Aves","Passeriformes","Pipridae","Manacus","Manacus manacus",3.76328,-74.8396
830603879,"Animalia","Chordata","Aves","Passeriformes","Pipridae","Manacus","Manacus manacus",5.99986,-75.0615
978568909,"Animalia","Chordata","Aves","Passeriformes","Pipridae","Manacus","Manacus manacus",5.35205,-74.9363
932900062,"Animalia","Chordata","Aves","Passeriformes","Pipridae","Manacus","Manacus manacus",5.31665,-74.91234
1196624320,"Animalia","Chordata","Aves","Passeriformes","Pipridae","Manacus","Manacus manacus",5.80194,-74.2522
1133632096,"Animalia","Chordata","Aves","Passeriformes","Pipridae","Manacus","Manacus manacus",10.17856,-73.76633
373652142,"Animalia","Chordata","Aves","Passeriformes","Pipridae","Manacus","Manacus manacus",11.1258,-74.1115
830365962,"Animalia","Chordata","Aves","Passeriformes","Pipridae","Manacus","Manacus manacus",11.1416,-73.8569
1205729290,"Animalia","Chordata","Aves","Passeriformes","Pipridae","Manacus","Manacus manacus",11.4318,-73.0843
1200315305,"Animalia","Chordata","Aves","Passeriformes","Pipridae","Manacus","Manacus manacus",4.3233,-74.5369
955146729,"Animalia","Chordata","Aves","Passeriformes","Pipridae","Manacus","Manacus manacus",5.93009,-74.8173
963588518,"Animalia","Chordata","Aves","Passeriformes","Pipridae","Manacus","Manacus manacus",11.11,-74.0921
1065327728,"Animalia","Chordata","Aves","Passeriformes","Pipridae","Manacus","Manacus manacus",6.1876,-74.99431
1133631574,"Animalia","Chordata","Aves","Passeriformes","Pipridae","Manacus","Manacus manacus",11.16628,-73.47519
258220547,"Animalia","Chordata","Aves","Passeriformes","Pipridae","Manacus","Manacus manacus",4.40214,-75.0374
590930303,"Animalia","Chordata","Aves","Passeriformes","Pipridae","Manacus","Manacus manacus",11.1236,-74.0882
724232042,"Animalia","Chordata","Aves","Passeriformes","Pipridae","Manacus","Manacus manacus",6.20347,-74.83694
1200660451,"Animalia","Chordata","Aves","Passeriformes","Pipridae","Manacus","Manacus manacus",4.36556,-74.5172
1195316360,"Animalia","Chordata","Aves","Passeriformes","Pipridae","Manacus","Manacus manacus",5.84213,-74.3558
958935710,"Animalia","Chordata","Aves","Passeriformes","Pipridae","Manacus","Manacus manacus",5.91658,-74.8169
830343840,"Animalia","Chordata","Aves","Passeriformes","Pipridae","Manacus","Manacus manacus",11.0819,-73.9026
829645732,"Animalia","Chordata","Aves","Passeriformes","Pipridae","Manacus","Manacus manacus",11.1522,-74.1183
974243907,"Animalia","Chordata","Aves","Passeriformes","Pipridae","Manacus","Manacus manacus",11.1292,-74.1005
1207299790,"Animalia","Chordata","Aves","Passeriformes","Pipridae","Manacus","Manacus manacus",5.11658,-74.9424
1189226497,"Animalia","Chordata","Aves","Passeriformes","Pipridae","Manacus","Manacus manacus",4.36216,-74.6557
1158655307,"Animalia","Chordata","Aves","Passeriformes","Pipridae","Manacus","Manacus manacus",11.1577,-74.1367
724224002,"Animalia","Chordata","Aves","Passeriformes","Pipridae","Manacus","Manacus manacus",6.39383,-75.01292
730242109,"Animalia","Chordata","Aves","Passeriformes","Pipridae","Manacus","Manacus manacus",6.5,-74.71
896418143,"Animalia","Chordata","Aves","Passeriformes","Pipridae","Manacus","Manacus manacus",7.41667,-73.41667
1098652899,"Animalia","Chordata","Aves","Passeriformes","Pipridae","Manacus","Manacus manacus",5.36042,-74.72068
1133631207,"Animalia","Chordata","Aves","Passeriformes","Pipridae","Manacus","Manacus manacus",11.20881,-73.44447
1176237909,"Animalia","Chordata","Aves","Passeriformes","Pipridae","Manacus","Manacus manacus",5.06923,-74.8426
1182765347,"Animalia","Chordata","Aves","Passeriformes","Pipridae","Manacus","Manacus manacus",3.17781,-75.2544
1196554078,"Animalia","Chordata","Aves","Passeriformes","Pipridae","Manacus","Manacus manacus",7.28006,-75.3963
1197065887,"Animalia","Chordata","Aves","Passeriformes","Pipridae","Manacus","Manacus manacus",11.1353,-73.6352
1196328890,"Animalia","Chordata","Aves","Passeriformes","Pipridae","Manacus","Manacus manacus",6.5525,-74.6278
857442677,"Animalia","Chordata","Aves","Passeriformes","Pipridae","Manacus","Manacus manacus",6.47754,-75.22765
974375413,"Animalia","Chordata","Aves","Passeriformes","Pipridae","Manacus","Manacus manacus",11.076,-74.0447
935664525,"Animalia","Chordata","Aves","Passeriformes","Pipridae","Manacus","Manacus manacus",11.229,-73.8061
935833553,"Animalia","Chordata","Aves","Passeriformes","Pipridae","Manacus","Manacus manacus",6.88616,-73.4129
1065327731,"Animalia","Chordata","Aves","Passeriformes","Pipridae","Manacus","Manacus manacus",7.98373,-75.19765
1060486572,"Animalia","Chordata","Aves","Passeriformes","Pipridae","Manacus","Manacus manacus",7.49994,-73.76667
1204885381,"Animalia","Chordata","Aves","Passeriformes","Pipridae","Manacus","Manacus manacus",11.0737,-74.0511
373652069,"Animalia","Chordata","Aves","Passeriformes","Pipridae","Manacus","Manacus manacus",5.85686,-74.3314
657098581,"Animalia","Chordata","Aves","Passeriformes","Pipridae","Manacus","Manacus manacus",7.83,-73.67
730242107,"Animalia","Chordata","Aves","Passeriformes","Pipridae","Manacus","Manacus manacus",6.56,-74.79
978235913,"Animalia","Chordata","Aves","Passeriformes","Pipridae","Manacus","Manacus manacus",6.26987,-74.5407
979512654,"Animalia","Chordata","Aves","Passeriformes","Pipridae","Manacus","Manacus manacus",5.8625,-74.6639
942524296,"Animalia","Chordata","Aves","Passeriformes","Pipridae","Manacus","Manacus manacus",5.2496,-74.7125
1195267286,"Animalia","Chordata","Aves","Passeriformes","Pipridae","Manacus","Manacus manacus",4.2354,-74.5868
1190566342,"Animalia","Chordata","Aves","Passeriformes","Pipridae","Manacus","Manacus manacus",11.2047,-73.3941
1178144410,"Animalia","Chordata","Aves","Passeriformes","Pipridae","Manacus","Manacus manacus",4.5175,-74.5328
1150700526,"Animalia","Chordata","Aves","Passeriformes","Pipridae","Manacus","Manacus manacus",11.2296,-73.4853
1159608671,"Animalia","Chordata","Aves","Passeriformes","Pipridae","Manacus","Manacus manacus",11.1249,-74.1193
860894248,"Animalia","Chordata","Aves","Passeriformes","Pipridae","Manacus","Manacus manacus",9.53417,-75.35222
830616260,"Animalia","Chordata","Aves","Passeriformes","Pipridae","Manacus","Manacus manacus",11.1535,-74.0982
1133631223,"Animalia","Chordata","Aves","Passeriformes","Pipridae","Manacus","Manacus manacus",11.21689,-73.44892
1203409572,"Animalia","Chordata","Aves","Passeriformes","Pipridae","Manacus","Manacus manacus",4.33944,-74.5
1178381689,"Animalia","Chordata","Aves","Passeriformes","Pipridae","Manacus","Manacus manacus",9.94633,-75.1108
1201078279,"Animalia","Chordata","Aves","Passeriformes","Pipridae","Manacus","Manacus manacus",5.91351,-74.7285
1189082571,"Animalia","Chordata","Aves","Passeriformes","Pipridae","Manacus","Manacus manacus",5.92432,-74.7815
1206904919,"Animalia","Chordata","Aves","Passeriformes","Pipridae","Manacus","Manacus manacus",4.75118,-74.9324
724223798,"Animalia","Chordata","Aves","Passeriformes","Pipridae","Manacus","Manacus manacus",6.36778,-75.04369
259592141,"Animalia","Chordata","Aves","Passeriformes","Pipridae","Manacus","Manacus manacus",5.36957,-74.5691
1159621392,"Animalia","Chordata","Aves","Passeriformes","Pipridae","Manacus","Manacus manacus",5.09079,-74.8652
1199211777,"Animalia","Chordata","Aves","Passeriformes","Pipridae","Manacus","Manacus manacus",9.5696,-75.3144
1195792286,"Animalia","Chordata","Aves","Passeriformes","Pipridae","Manacus","Manacus manacus",6.97802,-73.4479
949436494,"Animalia","Chordata","Aves","Passeriformes","Pipridae","Manacus","Manacus manacus",6.93537,-73.4388
938029599,"Animalia","Chordata","Aves","Passeriformes","Pipridae","Manacus","Manacus manacus",6.2287,-74.8627
1133631550,"Animalia","Chordata","Aves","Passeriformes","Pipridae","Manacus","Manacus manacus",11.20186,-73.42194
1133633393,"Animalia","Chordata","Aves","Passeriformes","Pipridae","Manacus","Manacus manacus",10.00594,-75.18169
961748067,"Animalia","Chordata","Aves","Passeriformes","Pipridae","Manacus","Manacus manacus",4.34106,-74.6621
1179061163,"Animalia","Chordata","Aves","Passeriformes","Pipridae","Manacus","Manacus manacus",11.1184,-74.1035
830280613,"Animalia","Chordata","Aves","Passeriformes","Pipridae","Manacus","Manacus manacus",6.04304,-74.1702
1060485140,"Animalia","Chordata","Aves","Passeriformes","Pipridae","Manacus","Manacus manacus",7.35858,-73.33138
724226266,"Animalia","Chordata","Aves","Passeriformes","Pipridae","Manacus","Manacus manacus",6.41033,-75.12094
860900648,"Animalia","Chordata","Aves","Passeriformes","Pipridae","Manacus","Manacus manacus",6.02739,-74.38822
588177415,"Animalia","Chordata","Aves","Passeriformes","Pipridae","Manacus","Manacus manacus",11.174,-74.1344
1060486579,"Animalia","Chordata","Aves","Passeriformes","Pipridae","Manacus","Manacus manacus",7.15916,-73.10985
1208100978,"Animalia","Chordata","Aves","Passeriformes","Pipridae","Manacus","Manacus manacus",6.69332,-74.0848
1185054729,"Animalia","Chordata","Aves","Passeriformes","Pipridae","Manacus","Manacus manacus",11.1327,-73.5488
1133631162,"Animalia","Chordata","Aves","Passeriformes","Pipridae","Manacus","Manacus manacus",11.18892,-73.44511
1154708385,"Animalia","Chordata","Aves","Passeriformes","Pipridae","Manacus","Manacus manacus",5.04083,-74.3539
1196554602,"Animalia","Chordata","Aves","Passeriformes","Pipridae","Manacus","Manacus manacus",10.6612,-74.1912
949085378,"Animalia","Chordata","Aves","Passeriformes","Pipridae","Manacus","Manacus manacus",5.97941,-74.2511
1133633472,"Animalia","Chordata","Aves","Passeriformes","Pipridae","Manacus","Manacus manacus",10.01214,-75.18756
724235729,"Animalia","Chordata","Aves","Passeriformes","Pipridae","Manacus","Manacus manacus",6.19575,-74.78694
730242111,"Animalia","Chordata","Aves","Passeriformes","Pipridae","Manacus","Manacus manacus",6.18,-74.58
1158770770,"Animalia","Chordata","Aves","Passeriformes","Pipridae","Manacus","Manacus manacus",11.2377,-73.501
955237170,"Animalia","Chordata","Aves","Passeriformes","Pipridae","Manacus","Manacus manacus",5.92264,-74.8385
1098652851,"Animalia","Chordata","Aves","Passeriformes","Pipridae","Manacus","Manacus manacus",5.39222,-74.82165
1133633033,"Animalia","Chordata","Aves","Passeriformes","Pipridae","Manacus","Manacus manacus",9.88819,-75.17658
1196540764,"Animalia","Chordata","Aves","Passeriformes","Pipridae","Manacus","Manacus manacus",11.2397,-73.6967
949062201,"Animalia","Chordata","Aves","Passeriformes","Pipridae","Manacus","Manacus manacus",5.55209,-74.8711
896415799,"Animalia","Chordata","Aves","Passeriformes","Pipridae","Manacus","Manacus manacus",6.46972,-73.26167
1133632427,"Animalia","Chordata","Aves","Passeriformes","Pipridae","Manacus","Manacus manacus",10.20264,-73.79181
1133633337,"Animalia","Chordata","Aves","Passeriformes","Pipridae","Manacus","Manacus manacus",9.95378,-75.18831
727772857,"Animalia","Chordata","Aves","Passeriformes","Pipridae","Manacus","Manacus manacus",6.37425,-75.00317
373652062,"Animalia","Chordata","Aves","Passeriformes","Pipridae","Manacus","Manacus manacus",4.0972,-75.2183
373652108,"Animalia","Chordata","Aves","Passeriformes","Pipridae","Manacus","Manacus manacus",4.1512,-74.8911
977349468,"Animalia","Chordata","Aves","Passeriformes","Pipridae","Manacus","Manacus manacus",11.4275,-73.0811
955173531,"Animalia","Chordata","Aves","Passeriformes","Pipridae","Manacus","Manacus manacus",11.0248,-73.7952
730242106,"Animalia","Chordata","Aves","Passeriformes","Pipridae","Manacus","Manacus manacus",6.91,-75.07
962133911,"Animalia","Chordata","Aves","Passeriformes","Pipridae","Manacus","Manacus manacus",5.94466,-74.8597
830656186,"Animalia","Chordata","Aves","Passeriformes","Pipridae","Manacus","Manacus manacus",3.94803,-75.0034
919140955,"Animalia","Chordata","Aves","Passeriformes","Pipridae","Manacus","Manacus manacus",7.4325,-73.76833
1065327407,"Animalia","Chordata","Aves","Passeriformes","Pipridae","Manacus","Manacus manacus",6.93566,-75.14042
1065327709,"Animalia","Chordata","Aves","Passeriformes","Pipridae","Manacus","Manacus manacus",6.29531,-75.02818
1204824998,"Animalia","Chordata","Aves","Passeriformes","Pipridae","Manacus","Manacus manacus",11.1648,-73.4839
1189469274,"Animalia","Chordata","Aves","Passeriformes","Pipridae","Manacus","Manacus manacus",4.47127,-75.2269
954819045,"Animalia","Chordata","Aves","Passeriformes","Pipridae","Manacus","Manacus manacus",5.57306,-74.8898
979327370,"Animalia","Chordata","Aves","Passeriformes","Pipridae","Manacus","Manacus manacus",6.1942,-74.5376
180946904,"Animalia","Chordata","Aves","Passeriformes","Pipridae","Manacus","Manacus vitellinus",9.1201,-79.6918
258159034,"Animalia","Chordata","Aves","Passeriformes","Pipridae","Manacus","Manacus vitellinus",9.1201,-79.6918
1203468061,"Animalia","Chordata","Aves","Passeriformes","Pipridae","Manacus","Manacus vitellinus",9.1201,-79.6918
259803023,"Animalia","Chordata","Aves","Passeriformes","Pipridae","Manacus","Manacus vitellinus",9.1201,-79.6918
1177095939,"Animalia","Chordata","Aves","Passeriformes","Pipridae","Manacus","Manacus vitellinus",9.1201,-79.6918
830288992,"Animalia","Chordata","Aves","Passeriformes","Pipridae","Manacus","Manacus vitellinus",9.1201,-79.6918
976343814,"Animalia","Chordata","Aves","Passeriformes","Pipridae","Manacus","Manacus vitellinus",9.1201,-79.6918
1206088417,"Animalia","Chordata","Aves","Passeriformes","Pipridae","Manacus","Manacus vitellinus",9.1201,-79.6918
1206095331,"Animalia","Chordata","Aves","Passeriformes","Pipridae","Manacus","Manacus vitellinus",9.1201,-79.6918
1155588535,"Animalia","Chordata","Aves","Passeriformes","Pipridae","Manacus","Manacus vitellinus",9.1201,-79.6918
937018330,"Animalia","Chordata","Aves","Passeriformes","Pipridae","Manacus","Manacus vitellinus",9.1201,-79.6918
960644939,"Animalia","Chordata","Aves","Passeriformes","Pipridae","Manacus","Manacus vitellinus",9.1201,-79.6918
829505585,"Animalia","Chordata","Aves","Passeriformes","Pipridae","Manacus","Manacus vitellinus",9.1201,-79.6918
830318704,"Animalia","Chordata","Aves","Passeriformes","Pipridae","Manacus","Manacus vitellinus",9.1201,-79.6918
829384501,"Animalia","Chordata","Aves","Passeriformes","Pipridae","Manacus","Manacus vitellinus",9.1201,-79.6918
1151552563,"Animalia","Chordata","Aves","Passeriformes","Pipridae","Manacus","Manacus vitellinus",9.1201,-79.6918
977778218,"Animalia","Chordata","Aves","Passeriformes","Pipridae","Manacus","Manacus vitellinus",9.1201,-79.6918
830621391,"Animalia","Chordata","Aves","Passeriformes","Pipridae","Manacus","Manacus vitellinus",9.1201,-79.6918
259771835,"Animalia","Chordata","Aves","Passeriformes","Pipridae","Manacus","Manacus vitellinus",9.1201,-79.6918
589154495,"Animalia","Chordata","Aves","Passeriformes","Pipridae","Manacus","Manacus vitellinus",9.1201,-79.6918
829503602,"Animalia","Chordata","Aves","Passeriformes","Pipridae","Manacus","Manacus vitellinus",9.1201,-79.6918
950930101,"Animalia","Chordata","Aves","Passeriformes","Pipridae","Manacus","Manacus vitellinus",9.1201,-79.6918
979872782,"Animalia","Chordata","Aves","Passeriformes","Pipridae","Manacus","Manacus vitellinus",9.1201,-79.6918
180946908,"Animalia","Chordata","Aves","Passeriformes","Pipridae","Manacus","Manacus vitellinus",9.1201,-79.6918
1155615363,"Animalia","Chordata","Aves","Passeriformes","Pipridae","Manacus","Manacus vitellinus",9.1201,-79.6918
944164376,"Animalia","Chordata","Aves","Passeriformes","Pipridae","Manacus","Manacus vitellinus",9.1201,-79.6918
830319463,"Animalia","Chordata","Aves","Passeriformes","Pipridae","Manacus","Manacus vitellinus",9.1201,-79.6918
975278569,"Animalia","Chordata","Aves","Passeriformes","Pipridae","Manacus","Manacus vitellinus",9.1201,-79.6918
966014381,"Animalia","Chordata","Aves","Passeriformes","Pipridae","Manacus","Manacus vitellinus",9.1201,-79.6918
1184297489,"Animalia","Chordata","Aves","Passeriformes","Pipridae","Manacus","Manacus vitellinus",9.1201,-79.6918
1155345533,"Animalia","Chordata","Aves","Passeriformes","Pipridae","Manacus","Manacus vitellinus",9.1201,-79.6918
258634881,"Animalia","Chordata","Aves","Passeriformes","Pipridae","Manacus","Manacus vitellinus",9.1201,-79.6918
936017372,"Animalia","Chordata","Aves","Passeriformes","Pipridae","Manacus","Manacus vitellinus",9.1201,-79.6918
937458698,"Animalia","Chordata","Aves","Passeriformes","Pipridae","Manacus","Manacus vitellinus",9.1201,-79.6918
1201972638,"Animalia","Chordata","Aves","Passeriformes","Pipridae","Manacus","Manacus vitellinus",9.1201,-79.6918
1184326414,"Animalia","Chordata","Aves","Passeriformes","Pipridae","Manacus","Manacus vitellinus",9.1201,-79.6918
1184337803,"Animalia","Chordata","Aves","Passeriformes","Pipridae","Manacus","Manacus vitellinus",9.1201,-79.6918
938104395,"Animalia","Chordata","Aves","Passeriformes","Pipridae","Manacus","Manacus vitellinus",9.1201,-79.6918
946114960,"Animalia","Chordata","Aves","Passeriformes","Pipridae","Manacus","Manacus vitellinus",9.1201,-79.6918
1205777743,"Animalia","Chordata","Aves","Passeriformes","Pipridae","Manacus","Manacus vitellinus",9.1201,-79.6918
258382874,"Animalia","Chordata","Aves","Passeriformes","Pipridae","Manacus","Manacus vitellinus",9.1201,-79.6918
830612339,"Animalia","Chordata","Aves","Passeriformes","Pipridae","Manacus","Manacus vitellinus",9.1201,-79.6918
1184329727,"Animalia","Chordata","Aves","Passeriformes","Pipridae","Manacus","Manacus vitellinus",9.1201,-79.6918
830360364,"Animalia","Chordata","Aves","Passeriformes","Pipridae","Manacus","Manacus vitellinus",9.1201,-79.6918
962863150,"Animalia","Chordata","Aves","Passeriformes","Pipridae","Manacus","Manacus vitellinus",9.1201,-79.6918
1177076348,"Animalia","Chordata","Aves","Passeriformes","Pipridae","Manacus","Manacus vitellinus",9.1201,-79.6918
979865166,"Animalia","Chordata","Aves","Passeriformes","Pipridae","Manacus","Manacus vitellinus",9.1201,-79.6918
830388595,"Animalia","Chordata","Aves","Passeriformes","Pipridae","Manacus","Manacus vitellinus",9.1201,-79.6918
589155705,"Animalia","Chordata","Aves","Passeriformes","Pipridae","Manacus","Manacus vitellinus",9.1201,-79.6918
587946519,"Animalia","Chordata","Aves","Passeriformes","Pipridae","Manacus","Manacus vitellinus",9.1201,-79.6918
830308783,"Animalia","Chordata","Aves","Passeriformes","Pipridae","Manacus","Manacus vitellinus",9.1201,-79.6918
830225623,"Animalia","Chordata","Aves","Passeriformes","Pipridae","Manacus","Manacus vitellinus",9.1201,-79.6918
1155577145,"Animalia","Chordata","Aves","Passeriformes","Pipridae","Manacus","Manacus vitellinus",9.1201,-79.6918
180946896,"Animalia","Chordata","Aves","Passeriformes","Pipridae","Manacus","Manacus vitellinus",9.1201,-79.6918
971322454,"Animalia","Chordata","Aves","Passeriformes","Pipridae","Manacus","Manacus vitellinus",9.1201,-79.6918
937216497,"Animalia","Chordata","Aves","Passeriformes","Pipridae","Manacus","Manacus vitellinus",9.1201,-79.6918
938248936,"Animalia","Chordata","Aves","Passeriformes","Pipridae","Manacus","Manacus vitellinus",9.1201,-79.6918
1177086237,"Animalia","Chordata","Aves","Passeriformes","Pipridae","Manacus","Manacus vitellinus",9.1201,-79.6918
830334720,"Animalia","Chordata","Aves","Passeriformes","Pipridae","Manacus","Manacus vitellinus",9.1201,-79.6918
830394608,"Animalia","Chordata","Aves","Passeriformes","Pipridae","Manacus","Manacus vitellinus",9.1201,-79.6918
830648226,"Animalia","Chordata","Aves","Passeriformes","Pipridae","Manacus","Manacus vitellinus",9.1201,-79.6918
1155579458,"Animalia","Chordata","Aves","Passeriformes","Pipridae","Manacus","Manacus vitellinus",9.1201,-79.6918
944440266,"Animalia","Chordata","Aves","Passeriformes","Pipridae","Manacus","Manacus vitellinus",9.1201,-79.6918
966002511,"Animalia","Chordata","Aves","Passeriformes","Pipridae","Manacus","Manacus vitellinus",9.1201,-79.6918
1167366639,"Animalia","Chordata","Aves","Passeriformes","Pipridae","Manacus","Manacus vitellinus",9.1201,-79.6918
1203479976,"Animalia","Chordata","Aves","Passeriformes","Pipridae","Manacus","Manacus vitellinus",9.1201,-79.6918
829510030,"Animalia","Chordata","Aves","Passeriformes","Pipridae","Manacus","Manacus vitellinus",9.1201,-79.6918
971317556,"Animalia","Chordata","Aves","Passeriformes","Pipridae","Manacus","Manacus vitellinus",9.1201,-79.6918
968325586,"Animalia","Chordata","Aves","Passeriformes","Pipridae","Manacus","Manacus vitellinus",9.1201,-79.6918
1203478708,"Animalia","Chordata","Aves","Passeriformes","Pipridae","Manacus","Manacus vitellinus",9.1201,-79.6918
1155582697,"Animalia","Chordata","Aves","Passeriformes","Pipridae","Manacus","Manacus vitellinus",9.1201,-79.6918
1165851416,"Animalia","Chordata","Aves","Passeriformes","Pipridae","Manacus","Manacus vitellinus",9.17718,-78.7456
830123505,"Animalia","Chordata","Aves","Passeriformes","Pipridae","Manacus","Manacus vitellinus",9.17718,-78.7456
1161282308,"Animalia","Chordata","Aves","Passeriformes","Pipridae","Manacus","Manacus vitellinus",9.17718,-78.7456
950623645,"Animalia","Chordata","Aves","Passeriformes","Pipridae","Manacus","Manacus vitellinus",9.17718,-78.7456
1165632825,"Animalia","Chordata","Aves","Passeriformes","Pipridae","Manacus","Manacus vitellinus",9.17718,-78.7456
1208200966,"Animalia","Chordata","Aves","Passeriformes","Pipridae","Manacus","Manacus vitellinus",9.17718,-78.7456
590920125,"Animalia","Chordata","Aves","Passeriformes","Pipridae","Manacus","Manacus vitellinus",9.17718,-78.7456
830322047,"Animalia","Chordata","Aves","Passeriformes","Pipridae","Manacus","Manacus vitellinus",9.33708,-78.9848
830375131,"Animalia","Chordata","Aves","Passeriformes","Pipridae","Manacus","Manacus vitellinus",9.33708,-78.9848
957534317,"Animalia","Chordata","Aves","Passeriformes","Pipridae","Manacus","Manacus vitellinus",8.62844,-80.1179
1180459100,"Animalia","Chordata","Aves","Passeriformes","Pipridae","Manacus","Manacus vitellinus",8.62844,-80.1179
829561988,"Animalia","Chordata","Aves","Passeriformes","Pipridae","Manacus","Manacus vitellinus",8.62844,-80.1179
1180151850,"Animalia","Chordata","Aves","Passeriformes","Pipridae","Manacus","Manacus vitellinus",8.11667,-77.7166
1161292881,"Animalia","Chordata","Aves","Passeriformes","Pipridae","Manacus","Manacus vitellinus",8.11667,-77.7166
1162116732,"Animalia","Chordata","Aves","Passeriformes","Pipridae","Manacus","Manacus vitellinus",8.11667,-77.7166
1161296129,"Animalia","Chordata","Aves","Passeriformes","Pipridae","Manacus","Manacus vitellinus",8.11667,-77.7166
1162178995,"Animalia","Chordata","Aves","Passeriformes","Pipridae","Manacus","Manacus vitellinus",8.11667,-77.7166
946113019,"Animalia","Chordata","Aves","Passeriformes","Pipridae","Manacus","Manacus vitellinus",9.01388,-79.5968
1188294788,"Animalia","Chordata","Aves","Passeriformes","Pipridae","Manacus","Manacus vitellinus",6.13936,-77.4034
1155714258,"Animalia","Chordata","Aves","Passeriformes","Pipridae","Manacus","Manacus vitellinus",6.13936,-77.4034
1154483038,"Animalia","Chordata","Aves","Passeriformes","Pipridae","Manacus","Manacus vitellinus",6.13936,-77.4034
1155663900,"Animalia","Chordata","Aves","Passeriformes","Pipridae","Manacus","Manacus vitellinus",6.13936,-77.4034
1207728308,"Animalia","Chordata","Aves","Passeriformes","Pipridae","Manacus","Manacus vitellinus",6.13936,-77.4034
978598071,"Animalia","Chordata","Aves","Passeriformes","Pipridae","Manacus","Manacus vitellinus",6.13936,-77.4034
1185162452,"Animalia","Chordata","Aves","Passeriformes","Pipridae","Manacus","Manacus vitellinus",6.13936,-77.4034
1154487426,"Animalia","Chordata","Aves","Passeriformes","Pipridae","Manacus","Manacus vitellinus",6.13936,-77.4034
1155702132,"Animalia","Chordata","Aves","Passeriformes","Pipridae","Manacus","Manacus vitellinus",6.13936,-77.4034
1196311079,"Animalia","Chordata","Aves","Passeriformes","Pipridae","Manacus","Manacus vitellinus",8.66767,-80.1236
1195971568,"Animalia","Chordata","Aves","Passeriformes","Pipridae","Manacus","Manacus vitellinus",8.66767,-80.1236
1149881257,"Animalia","Chordata","Aves","Passeriformes","Pipridae","Manacus","Manacus vitellinus",8.66767,-80.1236
977064029,"Animalia","Chordata","Aves","Passeriformes","Pipridae","Manacus","Manacus vitellinus",8.66767,-80.1236
1197253423,"Animalia","Chordata","Aves","Passeriformes","Pipridae","Manacus","Manacus vitellinus",8.66767,-80.1236
937330735,"Animalia","Chordata","Aves","Passeriformes","Pipridae","Manacus","Manacus vitellinus",9.087,-79.621
1203418797,"Animalia","Chordata","Aves","Passeriformes","Pipridae","Manacus","Manacus vitellinus",8.685,-78.056
884058404,"Animalia","Chordata","Aves","Passeriformes","Pipridae","Manacus","Manacus vitellinus",7.75,-76.27
884058740,"Animalia","Chordata","Aves","Passeriformes","Pipridae","Manacus","Manacus vitellinus",7.75,-76.27
884058798,"Animalia","Chordata","Aves","Passeriformes","Pipridae","Manacus","Manacus vitellinus",7.3,-75.38
373651788,"Animalia","Chordata","Aves","Passeriformes","Pipridae","Manacus","Manacus vitellinus",7.83333,-77.0667
373651780,"Animalia","Chordata","Aves","Passeriformes","Pipridae","Manacus","Manacus vitellinus",8.28925,-77.1838
373651784,"Animalia","Chordata","Aves","Passeriformes","Pipridae","Manacus","Manacus vitellinus",8.33333,-77.1667
373651776,"Animalia","Chordata","Aves","Passeriformes","Pipridae","Manacus","Manacus vitellinus",8.29271,-77.1397
1211989765,"Animalia","Chordata","Aves","Passeriformes","Pipridae","Manacus","Manacus vitellinus",8.07682,-78.21978
1208958651,"Animalia","Chordata","Aves","Passeriformes","Pipridae","Manacus","Manacus vitellinus",5.72028,-76.62778
1208958628,"Animalia","Chordata","Aves","Passeriformes","Pipridae","Manacus","Manacus vitellinus",5.72028,-76.62778
1208958606,"Animalia","Chordata","Aves","Passeriformes","Pipridae","Manacus","Manacus vitellinus",5.66778,-76.57
1208958608,"Animalia","Chordata","Aves","Passeriformes","Pipridae","Manacus","Manacus vitellinus",5.66778,-76.57
1208958619,"Animalia","Chordata","Aves","Passeriformes","Pipridae","Manacus","Manacus vitellinus",5.66778,-76.57
1208958610,"Animalia","Chordata","Aves","Passeriformes","Pipridae","Manacus","Manacus vitellinus",5.66778,-76.57
1208958635,"Animalia","Chordata","Aves","Passeriformes","Pipridae","Manacus","Manacus vitellinus",5.66778,-76.57
1208958629,"Animalia","Chordata","Aves","Passeriformes","Pipridae","Manacus","Manacus vitellinus",5.66778,-76.57
1208958631,"Animalia","Chordata","Aves","Passeriformes","Pipridae","Manacus","Manacus vitellinus",5.66778,-76.57
1208958603,"Animalia","Chordata","Aves","Passeriformes","Pipridae","Manacus","Manacus vitellinus",5.66778,-76.57
1208958623,"Animalia","Chordata","Aves","Passeriformes","Pipridae","Manacus","Manacus vitellinus",5.66778,-76.57
1208958605,"Animalia","Chordata","Aves","Passeriformes","Pipridae","Manacus","Manacus vitellinus",5.66778,-76.57
1208958598,"Animalia","Chordata","Aves","Passeriformes","Pipridae","Manacus","Manacus vitellinus",5.66778,-76.57
1208958624,"Animalia","Chordata","Aves","Passeriformes","Pipridae","Manacus","Manacus vitellinus",5.66778,-76.57
1208958590,"Animalia","Chordata","Aves","Passeriformes","Pipridae","Manacus","Manacus vitellinus",5.66778,-76.57
1208958617,"Animalia","Chordata","Aves","Passeriformes","Pipridae","Manacus","Manacus vitellinus",5.66778,-76.57
1208958618,"Animalia","Chordata","Aves","Passeriformes","Pipridae","Manacus","Manacus vitellinus",5.66778,-76.57
1208958572,"Animalia","Chordata","Aves","Passeriformes","Pipridae","Manacus","Manacus vitellinus",5.66778,-76.57
1208958615,"Animalia","Chordata","Aves","Passeriformes","Pipridae","Manacus","Manacus vitellinus",5.66778,-76.57
1208958643,"Animalia","Chordata","Aves","Passeriformes","Pipridae","Manacus","Manacus vitellinus",5.66778,-76.57
1208958639,"Animalia","Chordata","Aves","Passeriformes","Pipridae","Manacus","Manacus vitellinus",5.64959,-76.57946
1208958634,"Animalia","Chordata","Aves","Passeriformes","Pipridae","Manacus","Manacus vitellinus",5.34295,-76.62873
1208958625,"Animalia","Chordata","Aves","Passeriformes","Pipridae","Manacus","Manacus vitellinus",5.7324,-76.5705
1208958607,"Animalia","Chordata","Aves","Passeriformes","Pipridae","Manacus","Manacus vitellinus",5.7324,-76.5705
1208958614,"Animalia","Chordata","Aves","Passeriformes","Pipridae","Manacus","Manacus vitellinus",5.71146,-76.27041
1208958612,"Animalia","Chordata","Aves","Passeriformes","Pipridae","Manacus","Manacus vitellinus",5.79919,-76.54019
1208958593,"Animalia","Chordata","Aves","Passeriformes","Pipridae","Manacus","Manacus vitellinus",5.79919,-76.54019
1208958611,"Animalia","Chordata","Aves","Passeriformes","Pipridae","Manacus","Manacus vitellinus",5.63943,-76.55164
1208934787,"Animalia","Chordata","Aves","Passeriformes","Pipridae","Manacus","Manacus vitellinus",9.05248,-79.57155
1208934773,"Animalia","Chordata","Aves","Passeriformes","Pipridae","Manacus","Manacus vitellinus",9.05248,-79.57155
1208934788,"Animalia","Chordata","Aves","Passeriformes","Pipridae","Manacus","Manacus vitellinus",9.05248,-79.57155
1208934774,"Animalia","Chordata","Aves","Passeriformes","Pipridae","Manacus","Manacus vitellinus",9.05248,-79.57155
1208934792,"Animalia","Chordata","Aves","Passeriformes","Pipridae","Manacus","Manacus vitellinus",9.05248,-79.57155
1208934794,"Animalia","Chordata","Aves","Passeriformes","Pipridae","Manacus","Manacus vitellinus",9.05248,-79.57155
1208934837,"Animalia","Chordata","Aves","Passeriformes","Pipridae","Manacus","Manacus vitellinus",9.05248,-79.57155
1208934772,"Animalia","Chordata","Aves","Passeriformes","Pipridae","Manacus","Manacus vitellinus",9.05248,-79.57155
1208934806,"Animalia","Chordata","Aves","Passeriformes","Pipridae","Manacus","Manacus vitellinus",9.05248,-79.57155
1208934834,"Animalia","Chordata","Aves","Passeriformes","Pipridae","Manacus","Manacus vitellinus",9.05248,-79.57155
1208934798,"Animalia","Chordata","Aves","Passeriformes","Pipridae","Manacus","Manacus vitellinus",9.07356,-79.66998
1208934826,"Animalia","Chordata","Aves","Passeriformes","Pipridae","Manacus","Manacus vitellinus",9.07356,-79.66998
1208934778,"Animalia","Chordata","Aves","Passeriformes","Pipridae","Manacus","Manacus vitellinus",9.07356,-79.66998
1208934770,"Animalia","Chordata","Aves","Passeriformes","Pipridae","Manacus","Manacus vitellinus",9.07356,-79.66998
1208934816,"Animalia","Chordata","Aves","Passeriformes","Pipridae","Manacus","Manacus vitellinus",9.18334,-79.68804
1208934817,"Animalia","Chordata","Aves","Passeriformes","Pipridae","Manacus","Manacus vitellinus",9.18334,-79.68804
1208934747,"Animalia","Chordata","Aves","Passeriformes","Pipridae","Manacus","Manacus vitellinus",9.03791,-79.58376
1208934764,"Animalia","Chordata","Aves","Passeriformes","Pipridae","Manacus","Manacus vitellinus",9.03791,-79.58376
1208934758,"Animalia","Chordata","Aves","Passeriformes","Pipridae","Manacus","Manacus vitellinus",9.03791,-79.58376
1208934802,"Animalia","Chordata","Aves","Passeriformes","Pipridae","Manacus","Manacus vitellinus",9.03791,-79.58376
1208934767,"Animalia","Chordata","Aves","Passeriformes","Pipridae","Manacus","Manacus vitellinus",9.03791,-79.58376
1208934813,"Animalia","Chordata","Aves","Passeriformes","Pipridae","Manacus","Manacus vitellinus",9.03791,-79.58376
1208934775,"Animalia","Chordata","Aves","Passeriformes","Pipridae","Manacus","Manacus vitellinus",9.03791,-79.58376
1208934748,"Animalia","Chordata","Aves","Passeriformes","Pipridae","Manacus","Manacus vitellinus",9.03791,-79.58376
1208934771,"Animalia","Chordata","Aves","Passeriformes","Pipridae","Manacus","Manacus vitellinus",9.03791,-79.58376
1208934791,"Animalia","Chordata","Aves","Passeriformes","Pipridae","Manacus","Manacus vitellinus",9.03791,-79.58376
1208934763,"Animalia","Chordata","Aves","Passeriformes","Pipridae","Manacus","Manacus vitellinus",9.03791,-79.58376
1208934815,"Animalia","Chordata","Aves","Passeriformes","Pipridae","Manacus","Manacus vitellinus",9.03791,-79.58376
1208934779,"Animalia","Chordata","Aves","Passeriformes","Pipridae","Manacus","Manacus vitellinus",9.03693,-79.57719
1208934795,"Animalia","Chordata","Aves","Passeriformes","Pipridae","Manacus","Manacus vitellinus",9.03693,-79.57719
1208934814,"Animalia","Chordata","Aves","Passeriformes","Pipridae","Manacus","Manacus vitellinus",9.03693,-79.57719
1208934776,"Animalia","Chordata","Aves","Passeriformes","Pipridae","Manacus","Manacus vitellinus",9.03693,-79.57719
1208934790,"Animalia","Chordata","Aves","Passeriformes","Pipridae","Manacus","Manacus vitellinus",9.03693,-79.57719
1208888375,"Animalia","Chordata","Aves","Passeriformes","Pipridae","Manacus","Manacus vitellinus",9.1425,-79.71806
1208888374,"Animalia","Chordata","Aves","Passeriformes","Pipridae","Manacus","Manacus vitellinus",9.1425,-79.71806
1206999169,"Animalia","Chordata","Aves","Passeriformes","Pipridae","Manacus","Manacus vitellinus",8.3929,-77.8577
1203326289,"Animalia","Chordata","Aves","Passeriformes","Pipridae","Manacus","Manacus vitellinus",8.739,-78.04
1195191606,"Animalia","Chordata","Aves","Passeriformes","Pipridae","Manacus","Manacus vitellinus",3.23436,-76.5819
1195200269,"Animalia","Chordata","Aves","Passeriformes","Pipridae","Manacus","Manacus vitellinus",3.23436,-76.5819
1195173782,"Animalia","Chordata","Aves","Passeriformes","Pipridae","Manacus","Manacus vitellinus",3.23436,-76.5819
1181531717,"Animalia","Chordata","Aves","Passeriformes","Pipridae","Manacus","Manacus vitellinus",8.95015,-78.4574
1181493538,"Animalia","Chordata","Aves","Passeriformes","Pipridae","Manacus","Manacus vitellinus",8.95015,-78.4574
979431911,"Animalia","Chordata","Aves","Passeriformes","Pipridae","Manacus","Manacus vitellinus",3.80259,-76.9891
979316245,"Animalia","Chordata","Aves","Passeriformes","Pipridae","Manacus","Manacus vitellinus",3.80259,-76.9891
979474218,"Animalia","Chordata","Aves","Passeriformes","Pipridae","Manacus","Manacus vitellinus",3.80259,-76.9891
979516402,"Animalia","Chordata","Aves","Passeriformes","Pipridae","Manacus","Manacus vitellinus",3.80259,-76.9891
979404631,"Animalia","Chordata","Aves","Passeriformes","Pipridae","Manacus","Manacus vitellinus",3.80259,-76.9891
979432890,"Animalia","Chordata","Aves","Passeriformes","Pipridae","Manacus","Manacus vitellinus",3.80259,-76.9891
979313702,"Animalia","Chordata","Aves","Passeriformes","Pipridae","Manacus","Manacus vitellinus",3.80259,-76.9891
979468841,"Animalia","Chordata","Aves","Passeriformes","Pipridae","Manacus","Manacus vitellinus",3.80259,-76.9891
1159724328,"Animalia","Chordata","Aves","Passeriformes","Pipridae","Manacus","Manacus vitellinus",3.80259,-76.9891
979439175,"Animalia","Chordata","Aves","Passeriformes","Pipridae","Manacus","Manacus vitellinus",3.80259,-76.9891
979438949,"Animalia","Chordata","Aves","Passeriformes","Pipridae","Manacus","Manacus vitellinus",3.80259,-76.9891
979316801,"Animalia","Chordata","Aves","Passeriformes","Pipridae","Manacus","Manacus vitellinus",3.80259,-76.9891
979309200,"Animalia","Chordata","Aves","Passeriformes","Pipridae","Manacus","Manacus vitellinus",3.80259,-76.9891
979312604,"Animalia","Chordata","Aves","Passeriformes","Pipridae","Manacus","Manacus vitellinus",3.80259,-76.9891
979439514,"Animalia","Chordata","Aves","Passeriformes","Pipridae","Manacus","Manacus vitellinus",3.80259,-76.9891
979539641,"Animalia","Chordata","Aves","Passeriformes","Pipridae","Manacus","Manacus vitellinus",3.80259,-76.9891
590891024,"Animalia","Chordata","Aves","Passeriformes","Pipridae","Manacus","Manacus vitellinus",9.29084,-79.205
829650521,"Animalia","Chordata","Aves","Passeriformes","Pipridae","Manacus","Manacus vitellinus",9.29084,-79.205
1158406332,"Animalia","Chordata","Aves","Passeriformes","Pipridae","Manacus","Manacus vitellinus",9.29084,-79.205
1151365845,"Animalia","Chordata","Aves","Passeriformes","Pipridae","Manacus","Manacus vitellinus",9.32324,-78.9779
1151285165,"Animalia","Chordata","Aves","Passeriformes","Pipridae","Manacus","Manacus vitellinus",9.32324,-78.9779
1151281236,"Animalia","Chordata","Aves","Passeriformes","Pipridae","Manacus","Manacus vitellinus",9.32324,-78.9779
1158110285,"Animalia","Chordata","Aves","Passeriformes","Pipridae","Manacus","Manacus vitellinus",9.32324,-78.9779
1150866220,"Animalia","Chordata","Aves","Passeriformes","Pipridae","Manacus","Manacus vitellinus",9.32324,-78.9779
1153553159,"Animalia","Chordata","Aves","Passeriformes","Pipridae","Manacus","Manacus vitellinus",9.08333,-79.75
1152678360,"Animalia","Chordata","Aves","Passeriformes","Pipridae","Manacus","Manacus vitellinus",9.08333,-79.75
1153636355,"Animalia","Chordata","Aves","Passeriformes","Pipridae","Manacus","Manacus vitellinus",9.08333,-79.75
1151512695,"Animalia","Chordata","Aves","Passeriformes","Pipridae","Manacus","Manacus vitellinus",8.99953,-79.5532
938288991,"Animalia","Chordata","Aves","Passeriformes","Pipridae","Manacus","Manacus vitellinus",8.99953,-79.5532
1147092745,"Animalia","Chordata","Aves","Passeriformes","Pipridae","Manacus","Manacus vitellinus",8.02092,-77.7394
1147061994,"Animalia","Chordata","Aves","Passeriformes","Pipridae","Manacus","Manacus vitellinus",3.85,-76.9
1122958303,"Animalia","Chordata","Aves","Passeriformes","Pipridae","Manacus","Manacus vitellinus",9.0743,-79.65981
1039621427,"Animalia","Chordata","Aves","Passeriformes","Pipridae","Manacus","Manacus vitellinus",9.33,-79.91
1039668032,"Animalia","Chordata","Aves","Passeriformes","Pipridae","Manacus","Manacus vitellinus",9.33,-79.91
1039599691,"Animalia","Chordata","Aves","Passeriformes","Pipridae","Manacus","Manacus vitellinus",9.33,-79.91
1039559294,"Animalia","Chordata","Aves","Passeriformes","Pipridae","Manacus","Manacus vitellinus",9.33,-79.91
1039621834,"Animalia","Chordata","Aves","Passeriformes","Pipridae","Manacus","Manacus vitellinus",8.75,-77.57
1039579691,"Animalia","Chordata","Aves","Passeriformes","Pipridae","Manacus","Manacus vitellinus",8.75,-77.57
1039616536,"Animalia","Chordata","Aves","Passeriformes","Pipridae","Manacus","Manacus vitellinus",9.2,-79.7
1039610222,"Animalia","Chordata","Aves","Passeriformes","Pipridae","Manacus","Manacus vitellinus",9.15,-79.05
1039560768,"Animalia","Chordata","Aves","Passeriformes","Pipridae","Manacus","Manacus vitellinus",3.7333,-76.95
1038715729,"Animalia","Chordata","Aves","Passeriformes","Pipridae","Manacus","Manacus vitellinus",9.20378,-79.99077
948672252,"Animalia","Chordata","Aves","Passeriformes","Pipridae","Manacus","Manacus vitellinus",8.44453,-77.9528
948687197,"Animalia","Chordata","Aves","Passeriformes","Pipridae","Manacus","Manacus vitellinus",8.44453,-77.9528
948674801,"Animalia","Chordata","Aves","Passeriformes","Pipridae","Manacus","Manacus vitellinus",8.44113,-77.994
948686488,"Animalia","Chordata","Aves","Passeriformes","Pipridae","Manacus","Manacus vitellinus",8.44113,-77.994
938003996,"Animalia","Chordata","Aves","Passeriformes","Pipridae","Manacus","Manacus vitellinus",8.05991,-77.719
896418682,"Animalia","Chordata","Aves","Passeriformes","Pipridae","Manacus","Manacus vitellinus",9.18333,-79.83333
896419077,"Animalia","Chordata","Aves","Passeriformes","Pipridae","Manacus","Manacus vitellinus",9.18333,-79.83333
896418801,"Animalia","Chordata","Aves","Passeriformes","Pipridae","Manacus","Manacus vitellinus",9.18333,-79.83333
860899182,"Animalia","Chordata","Aves","Passeriformes","Pipridae","Manacus","Manacus vitellinus",8.28592,-77.1437
860899207,"Animalia","Chordata","Aves","Passeriformes","Pipridae","Manacus","Manacus vitellinus",8.28592,-77.1437
860899201,"Animalia","Chordata","Aves","Passeriformes","Pipridae","Manacus","Manacus vitellinus",8.28592,-77.1437
860899193,"Animalia","Chordata","Aves","Passeriformes","Pipridae","Manacus","Manacus vitellinus",8.28592,-77.1437
860899180,"Animalia","Chordata","Aves","Passeriformes","Pipridae","Manacus","Manacus vitellinus",8.28592,-77.1437
860891189,"Animalia","Chordata","Aves","Passeriformes","Pipridae","Manacus","Manacus vitellinus",5.24861,-75.685
860891222,"Animalia","Chordata","Aves","Passeriformes","Pipridae","Manacus","Manacus vitellinus",5.24861,-75.685
860891175,"Animalia","Chordata","Aves","Passeriformes","Pipridae","Manacus","Manacus vitellinus",5.24861,-75.685
860891179,"Animalia","Chordata","Aves","Passeriformes","Pipridae","Manacus","Manacus vitellinus",5.24861,-75.685
860891194,"Animalia","Chordata","Aves","Passeriformes","Pipridae","Manacus","Manacus vitellinus",5.24861,-75.685
860891147,"Animalia","Chordata","Aves","Passeriformes","Pipridae","Manacus","Manacus vitellinus",5.24861,-75.685
857609232,"Animalia","Chordata","Aves","Passeriformes","Pipridae","Manacus","Manacus vitellinus",6.031,-77.27054
857698596,"Animalia","Chordata","Aves","Passeriformes","Pipridae","Manacus","Manacus vitellinus",6.031,-77.27054
857609024,"Animalia","Chordata","Aves","Passeriformes","Pipridae","Manacus","Manacus vitellinus",6.031,-77.27054
857526370,"Animalia","Chordata","Aves","Passeriformes","Pipridae","Manacus","Manacus vitellinus",6.031,-77.27054
857442448,"Animalia","Chordata","Aves","Passeriformes","Pipridae","Manacus","Manacus vitellinus",6.031,-77.27054
857624262,"Animalia","Chordata","Aves","Passeriformes","Pipridae","Manacus","Manacus vitellinus",6.031,-77.27054
857751331,"Animalia","Chordata","Aves","Passeriformes","Pipridae","Manacus","Manacus vitellinus",6.031,-77.27054
857442574,"Animalia","Chordata","Aves","Passeriformes","Pipridae","Manacus","Manacus vitellinus",6.031,-77.27054
857698623,"Animalia","Chordata","Aves","Passeriformes","Pipridae","Manacus","Manacus vitellinus",6.031,-77.27054
857654682,"Animalia","Chordata","Aves","Passeriformes","Pipridae","Manacus","Manacus vitellinus",6.031,-77.27054
857751239,"Animalia","Chordata","Aves","Passeriformes","Pipridae","Manacus","Manacus vitellinus",6.031,-77.27054
857609207,"Animalia","Chordata","Aves","Passeriformes","Pipridae","Manacus","Manacus vitellinus",2.5333,-76.95
857751322,"Animalia","Chordata","Aves","Passeriformes","Pipridae","Manacus","Manacus vitellinus",2.5333,-76.95
857617825,"Animalia","Chordata","Aves","Passeriformes","Pipridae","Manacus","Manacus vitellinus",2.5333,-76.95
857442559,"Animalia","Chordata","Aves","Passeriformes","Pipridae","Manacus","Manacus vitellinus",2.5333,-76.95
857698673,"Animalia","Chordata","Aves","Passeriformes","Pipridae","Manacus","Manacus vitellinus",2.5333,-76.95
857656043,"Animalia","Chordata","Aves","Passeriformes","Pipridae","Manacus","Manacus vitellinus",5.083,-75.5
857751257,"Animalia","Chordata","Aves","Passeriformes","Pipridae","Manacus","Manacus vitellinus",5.083,-75.5
857609063,"Animalia","Chordata","Aves","Passeriformes","Pipridae","Manacus","Manacus vitellinus",5.083,-75.5
857620593,"Animalia","Chordata","Aves","Passeriformes","Pipridae","Manacus","Manacus vitellinus",5.083,-75.5
857442470,"Animalia","Chordata","Aves","Passeriformes","Pipridae","Manacus","Manacus vitellinus",5.083,-75.5
857698610,"Animalia","Chordata","Aves","Passeriformes","Pipridae","Manacus","Manacus vitellinus",5.083,-75.5
857617502,"Animalia","Chordata","Aves","Passeriformes","Pipridae","Manacus","Manacus vitellinus",5.1333,-76.9833
857751251,"Animalia","Chordata","Aves","Passeriformes","Pipridae","Manacus","Manacus vitellinus",5.1333,-76.9833
857442460,"Animalia","Chordata","Aves","Passeriformes","Pipridae","Manacus","Manacus vitellinus",5.1333,-76.9833
857655206,"Animalia","Chordata","Aves","Passeriformes","Pipridae","Manacus","Manacus vitellinus",5.1333,-76.9833
857698643,"Animalia","Chordata","Aves","Passeriformes","Pipridae","Manacus","Manacus vitellinus",5.1333,-76.9833
857609043,"Animalia","Chordata","Aves","Passeriformes","Pipridae","Manacus","Manacus vitellinus",5.1333,-76.9833
857608992,"Animalia","Chordata","Aves","Passeriformes","Pipridae","Manacus","Manacus vitellinus",7.6166,-76.9667
857609004,"Animalia","Chordata","Aves","Passeriformes","Pipridae","Manacus","Manacus vitellinus",7.6166,-76.9667
857698604,"Animalia","Chordata","Aves","Passeriformes","Pipridae","Manacus","Manacus vitellinus",7.6166,-76.9667
857751227,"Animalia","Chordata","Aves","Passeriformes","Pipridae","Manacus","Manacus vitellinus",7.6166,-76.9667
857698594,"Animalia","Chordata","Aves","Passeriformes","Pipridae","Manacus","Manacus vitellinus",7.6166,-76.9667
857526331,"Animalia","Chordata","Aves","Passeriformes","Pipridae","Manacus","Manacus vitellinus",7.6166,-76.9667
857654946,"Animalia","Chordata","Aves","Passeriformes","Pipridae","Manacus","Manacus vitellinus",7.6166,-76.9667
857751221,"Animalia","Chordata","Aves","Passeriformes","Pipridae","Manacus","Manacus vitellinus",7.6166,-76.9667
857526346,"Animalia","Chordata","Aves","Passeriformes","Pipridae","Manacus","Manacus vitellinus",7.6166,-76.9667
857442438,"Animalia","Chordata","Aves","Passeriformes","Pipridae","Manacus","Manacus vitellinus",7.6166,-76.9667
857442429,"Animalia","Chordata","Aves","Passeriformes","Pipridae","Manacus","Manacus vitellinus",7.6166,-76.9667
857442568,"Animalia","Chordata","Aves","Passeriformes","Pipridae","Manacus","Manacus vitellinus",3.25824,-76.52686
857609222,"Animalia","Chordata","Aves","Passeriformes","Pipridae","Manacus","Manacus vitellinus",3.25824,-76.52686
857676444,"Animalia","Chordata","Aves","Passeriformes","Pipridae","Manacus","Manacus vitellinus",3.25824,-76.52686
857526435,"Animalia","Chordata","Aves","Passeriformes","Pipridae","Manacus","Manacus vitellinus",3.25824,-76.52686
857442482,"Animalia","Chordata","Aves","Passeriformes","Pipridae","Manacus","Manacus vitellinus",3.29242,-76.52389
857676398,"Animalia","Chordata","Aves","Passeriformes","Pipridae","Manacus","Manacus vitellinus",3.29242,-76.52389
857609076,"Animalia","Chordata","Aves","Passeriformes","Pipridae","Manacus","Manacus vitellinus",3.29242,-76.52389
857620194,"Animalia","Chordata","Aves","Passeriformes","Pipridae","Manacus","Manacus vitellinus",3.29242,-76.52389
857442556,"Animalia","Chordata","Aves","Passeriformes","Pipridae","Manacus","Manacus vitellinus",4.35,-76.6167
857609203,"Animalia","Chordata","Aves","Passeriformes","Pipridae","Manacus","Manacus vitellinus",4.35,-76.6167
857526428,"Animalia","Chordata","Aves","Passeriformes","Pipridae","Manacus","Manacus vitellinus",4.35,-76.6167
857676119,"Animalia","Chordata","Aves","Passeriformes","Pipridae","Manacus","Manacus vitellinus",4.35,-76.6167
857617482,"Animalia","Chordata","Aves","Passeriformes","Pipridae","Manacus","Manacus vitellinus",3.8256,-76.5253
857609055,"Animalia","Chordata","Aves","Passeriformes","Pipridae","Manacus","Manacus vitellinus",3.8256,-76.5253
857675196,"Animalia","Chordata","Aves","Passeriformes","Pipridae","Manacus","Manacus vitellinus",3.8256,-76.5253
857442466,"Animalia","Chordata","Aves","Passeriformes","Pipridae","Manacus","Manacus vitellinus",3.8256,-76.5253
857609020,"Animalia","Chordata","Aves","Passeriformes","Pipridae","Manacus","Manacus vitellinus",3.89699,-77.02019
857675164,"Animalia","Chordata","Aves","Passeriformes","Pipridae","Manacus","Manacus vitellinus",3.89699,-77.02019
857442446,"Animalia","Chordata","Aves","Passeriformes","Pipridae","Manacus","Manacus vitellinus",3.89699,-77.02019
857526364,"Animalia","Chordata","Aves","Passeriformes","Pipridae","Manacus","Manacus vitellinus",3.89699,-77.02019
857442484,"Animalia","Chordata","Aves","Passeriformes","Pipridae","Manacus","Manacus vitellinus",3.76667,-77.10833
857526381,"Animalia","Chordata","Aves","Passeriformes","Pipridae","Manacus","Manacus vitellinus",3.76667,-77.10833
857609083,"Animalia","Chordata","Aves","Passeriformes","Pipridae","Manacus","Manacus vitellinus",3.76667,-77.10833
857674984,"Animalia","Chordata","Aves","Passeriformes","Pipridae","Manacus","Manacus vitellinus",3.76667,-77.10833
857442539,"Animalia","Chordata","Aves","Passeriformes","Pipridae","Manacus","Manacus vitellinus",3.74346,-77.03149
857674869,"Animalia","Chordata","Aves","Passeriformes","Pipridae","Manacus","Manacus vitellinus",3.74346,-77.03149
857526423,"Animalia","Chordata","Aves","Passeriformes","Pipridae","Manacus","Manacus vitellinus",3.74346,-77.03149
857609169,"Animalia","Chordata","Aves","Passeriformes","Pipridae","Manacus","Manacus vitellinus",3.74346,-77.03149
857609199,"Animalia","Chordata","Aves","Passeriformes","Pipridae","Manacus","Manacus vitellinus",3.8927,-76.4975
857674400,"Animalia","Chordata","Aves","Passeriformes","Pipridae","Manacus","Manacus vitellinus",3.8927,-76.4975
857526434,"Animalia","Chordata","Aves","Passeriformes","Pipridae","Manacus","Manacus vitellinus",3.8927,-76.4975
857442553,"Animalia","Chordata","Aves","Passeriformes","Pipridae","Manacus","Manacus vitellinus",3.8927,-76.4975
857526432,"Animalia","Chordata","Aves","Passeriformes","Pipridae","Manacus","Manacus vitellinus",3.52123,-76.5858
857442562,"Animalia","Chordata","Aves","Passeriformes","Pipridae","Manacus","Manacus vitellinus",3.52123,-76.5858
857609212,"Animalia","Chordata","Aves","Passeriformes","Pipridae","Manacus","Manacus vitellinus",3.52123,-76.5858
857674094,"Animalia","Chordata","Aves","Passeriformes","Pipridae","Manacus","Manacus vitellinus",3.52123,-76.5858
857442454,"Animalia","Chordata","Aves","Passeriformes","Pipridae","Manacus","Manacus vitellinus",5.34333,-76.2167
857526385,"Animalia","Chordata","Aves","Passeriformes","Pipridae","Manacus","Manacus vitellinus",5.34333,-76.2167
857671764,"Animalia","Chordata","Aves","Passeriformes","Pipridae","Manacus","Manacus vitellinus",5.34333,-76.2167
857609034,"Animalia","Chordata","Aves","Passeriformes","Pipridae","Manacus","Manacus vitellinus",5.34333,-76.2167
857526390,"Animalia","Chordata","Aves","Passeriformes","Pipridae","Manacus","Manacus vitellinus",5.3666,-75.6833
857609037,"Animalia","Chordata","Aves","Passeriformes","Pipridae","Manacus","Manacus vitellinus",5.3666,-75.6833
857671397,"Animalia","Chordata","Aves","Passeriformes","Pipridae","Manacus","Manacus vitellinus",5.3666,-75.6833
857442456,"Animalia","Chordata","Aves","Passeriformes","Pipridae","Manacus","Manacus vitellinus",5.3666,-75.6833
857651404,"Animalia","Chordata","Aves","Passeriformes","Pipridae","Manacus","Manacus vitellinus",2.51901,-76.91495
857651398,"Animalia","Chordata","Aves","Passeriformes","Pipridae","Manacus","Manacus vitellinus",2.51901,-76.91495
857442493,"Animalia","Chordata","Aves","Passeriformes","Pipridae","Manacus","Manacus vitellinus",7.21861,-75.43333
857646560,"Animalia","Chordata","Aves","Passeriformes","Pipridae","Manacus","Manacus vitellinus",7.21861,-75.43333
857526397,"Animalia","Chordata","Aves","Passeriformes","Pipridae","Manacus","Manacus vitellinus",7.21861,-75.43333
857609095,"Animalia","Chordata","Aves","Passeriformes","Pipridae","Manacus","Manacus vitellinus",7.21861,-75.43333
857609091,"Animalia","Chordata","Aves","Passeriformes","Pipridae","Manacus","Manacus vitellinus",5.74772,-75.3146
857526392,"Animalia","Chordata","Aves","Passeriformes","Pipridae","Manacus","Manacus vitellinus",5.74772,-75.3146
857442490,"Animalia","Chordata","Aves","Passeriformes","Pipridae","Manacus","Manacus vitellinus",5.74772,-75.3146
857645688,"Animalia","Chordata","Aves","Passeriformes","Pipridae","Manacus","Manacus vitellinus",5.74772,-75.3146
857642987,"Animalia","Chordata","Aves","Passeriformes","Pipridae","Manacus","Manacus vitellinus",7.66667,-77.09312
857442533,"Animalia","Chordata","Aves","Passeriformes","Pipridae","Manacus","Manacus vitellinus",7.66667,-77.09312
857442535,"Animalia","Chordata","Aves","Passeriformes","Pipridae","Manacus","Manacus vitellinus",7.66667,-77.09312
857609159,"Animalia","Chordata","Aves","Passeriformes","Pipridae","Manacus","Manacus vitellinus",7.66667,-77.09312
857526425,"Animalia","Chordata","Aves","Passeriformes","Pipridae","Manacus","Manacus vitellinus",7.66667,-77.09312
857526422,"Animalia","Chordata","Aves","Passeriformes","Pipridae","Manacus","Manacus vitellinus",7.66667,-77.09312
857609162,"Animalia","Chordata","Aves","Passeriformes","Pipridae","Manacus","Manacus vitellinus",7.66667,-77.09312
857526420,"Animalia","Chordata","Aves","Passeriformes","Pipridae","Manacus","Manacus vitellinus",7.66667,-77.09312
857442531,"Animalia","Chordata","Aves","Passeriformes","Pipridae","Manacus","Manacus vitellinus",7.66667,-77.09312
857609156,"Animalia","Chordata","Aves","Passeriformes","Pipridae","Manacus","Manacus vitellinus",7.66667,-77.09312
857442551,"Animalia","Chordata","Aves","Passeriformes","Pipridae","Manacus","Manacus vitellinus",7.30507,-75.60823
857640184,"Animalia","Chordata","Aves","Passeriformes","Pipridae","Manacus","Manacus vitellinus",7.30507,-75.60823
857526426,"Animalia","Chordata","Aves","Passeriformes","Pipridae","Manacus","Manacus vitellinus",7.30507,-75.60823
857609194,"Animalia","Chordata","Aves","Passeriformes","Pipridae","Manacus","Manacus vitellinus",7.30507,-75.60823
857638995,"Animalia","Chordata","Aves","Passeriformes","Pipridae","Manacus","Manacus vitellinus",2.58779,-77.89165
857442426,"Animalia","Chordata","Aves","Passeriformes","Pipridae","Manacus","Manacus vitellinus",2.58779,-77.89165
857608988,"Animalia","Chordata","Aves","Passeriformes","Pipridae","Manacus","Manacus vitellinus",2.58779,-77.89165
857627402,"Animalia","Chordata","Aves","Passeriformes","Pipridae","Manacus","Manacus vitellinus",2.58779,-77.89165
830322198,"Animalia","Chordata","Aves","Passeriformes","Pipridae","Manacus","Manacus vitellinus",9.548,-79.656
829651085,"Animalia","Chordata","Aves","Passeriformes","Pipridae","Manacus","Manacus vitellinus",7.49524,-76.8528
829650734,"Animalia","Chordata","Aves","Passeriformes","Pipridae","Manacus","Manacus vitellinus",7.49524,-76.8528
829288837,"Animalia","Chordata","Aves","Passeriformes","Pipridae","Manacus","Manacus vitellinus",8.19962,-78.1177
829282919,"Animalia","Chordata","Aves","Passeriformes","Pipridae","Manacus","Manacus vitellinus",9.34,-79.78
768980756,"Animalia","Chordata","Aves","Passeriformes","Pipridae","Manacus","Manacus vitellinus",6.06667,-77.38333
768019304,"Animalia","Chordata","Aves","Passeriformes","Pipridae","Manacus","Manacus vitellinus",9,-80
768020120,"Animalia","Chordata","Aves","Passeriformes","Pipridae","Manacus","Manacus vitellinus",9,-80
768020133,"Animalia","Chordata","Aves","Passeriformes","Pipridae","Manacus","Manacus vitellinus",9,-80
768019301,"Animalia","Chordata","Aves","Passeriformes","Pipridae","Manacus","Manacus vitellinus",9.01667,-79.61667
768019294,"Animalia","Chordata","Aves","Passeriformes","Pipridae","Manacus","Manacus vitellinus",9.16667,-79.8
730248733,"Animalia","Chordata","Aves","Passeriformes","Pipridae","Manacus","Manacus vitellinus",7.18,-75.77
730246072,"Animalia","Chordata","Aves","Passeriformes","Pipridae","Manacus","Manacus vitellinus",6.09,-75.64
699435843,"Animalia","Chordata","Aves","Passeriformes","Pipridae","Manacus","Manacus vitellinus",9.0675,-79.63694
686329622,"Animalia","Chordata","Aves","Passeriformes","Pipridae","Manacus","Manacus vitellinus",9.0675,-79.63694
295099236,"Animalia","Chordata","Aves","Passeriformes","Pipridae","Manacus","Manacus vitellinus",8.80705,-78.2
70300163,"Animalia","Chordata","Aves","Passeriformes","Pipridae","Manacus","Manacus vitellinus",9.3875,-79.3432
1231432672,"Animalia","Chordata","Aves","Passeriformes","Pipridae","Manacus","Manacus vitellinus",9.3875,-79.3432
1231432740,"Animalia","Chordata","Aves","Passeriformes","Pipridae","Manacus","Manacus vitellinus",9.3875,-79.3432
70300700,"Animalia","Chordata","Aves","Passeriformes","Pipridae","Manacus","Manacus vitellinus",9.3875,-79.3432
70300735,"Animalia","Chordata","Aves","Passeriformes","Pipridae","Manacus","Manacus vitellinus",9.3875,-79.3432
1231432613,"Animalia","Chordata","Aves","Passeriformes","Pipridae","Manacus","Manacus vitellinus",9.3875,-79.3432
70273069,"Animalia","Chordata","Aves","Passeriformes","Pipridae","Manacus","Manacus vitellinus",9.14986,-79.76667
1231432512,"Animalia","Chordata","Aves","Passeriformes","Pipridae","Manacus","Manacus vitellinus",9.14986,-79.76667
